Date,"Laboratory confirmed, since the beginning of the pandemic TOTAL","Laboratory confirmed, since the beginning of the pandemic Difference from","Laboratory confirmed, since the beginning of the pandemic Hospitalized","Laboratory confirmed, since the beginning of the pandemic Deceased","Laboratory confirmed, since the beginning of the pandemic RecoveredA","Laboratory confirmed, since the beginning of the pandemic Current CasesB","Reported, the last 7 days,Incidence per 100, Incidence per 100 ,+USAFD","Reported, the last 7 days,Incidence per 100, Incidence per 100 ,<20 Jahre","Reported, the last 7 days,Incidence per 100, Incidence per 100 ,20-59 JahreE","Reported, the last 7 days,Incidence per 100, Incidence per 100 ,>=60 Jahre"
8/1/2021,157557,37,9127,3906,151900,1751,597.2,994.7,713.7,171.4
8/2/2021,157685,128,9130,3906,151978,1801,602.4,1040.8,697.9,187.8
8/3/2021,157847,162,9139,3906,152040,1901,580.9,1019.1,658,196.1
8/4/2021,158035,188,9147,3907,152102,2026,630.4,992.2,773,182
8/5/2021,158184,149,9148,3908,152168,2108,679.8,1060.6,850.3,170.6
8/6/2021,158347,163,9158,3911,152267,2169,698.4,1121.3,870.7,159.5
8/7/2021,158401,54,9158,3911,152361,2129,690.3,1069.1,883.3,137.9
8/8/2021,158456,55,9160,3911,152471,2074,690.8,1081.4,881.1,135.9
8/9/2021,158582,126,9169,3912,152566,2104,721.1,1120.6,909,168.9
8/10/2021,158770,188,9182,3913,152664,2193,744.2,1101.6,953.9,182.6
8/11/2021,159019,249,9197,3914,152730,2375,805.7,1217.6,1006.9,220.6
8/12/2021,159280,261,9206,3914,152831,2535,899.6,1403.4,1106,257.8
8/13/2021,159535,255,9218,3916,152931,2688,965.6,1409.3,1227.4,256
8/14/2021,159628,93,9220,3916,153040,2672,988.8,1452.3,1240.9,284.9
8/15/2021,159755,127,9224,3916,153149,2690,1076.9,1598.4,1342.8,317.3
8/16/2021,160004,249,9235,3916,153251,2837,1165.9,1721.3,1481.8,297.5
8/17/2021,160300,296,9255,3918,153328,3054,1245.7,1800.4,1590.9,322.2
8/18/2021,160756,456,9280,3918,153391,3447,1406.9,2157,1767.8,335.8
8/19/2021,161116,360,9299,3919,153506,3691,1516.6,2366.8,1886.5,367.6
8/20/2021,161510,394,9316,3919,153603,3988,1645,2641.5,2027.1,385.3
8/21/2021,161586,76,9318,3919,153717,3950,1551.5,2477.9,1918.4,355.8
8/22/2021,161748,162,9319,3919,153837,3992,1626.4,2686.1,1975.7,385.7
8/23/2021,162198,450,9339,3919,153955,4324,1790.1,3143.2,2116.6,410.4
8/24/2021,162639,441,9364,3921,154058,4660,1817.9,3293.4,2087.3,469.2
8/25/2021,163286,647,9364,3922,154160,5204,1998.5,3717.8,2276.8,486.6
8/26/2021,163788,502,9391,3921,154286,5581,2112.9,4046.3,2373.7,499.2
8/27/2021,164357,569,9417,3921,154439,5997,2303.4,4358.4,2557.2,631.8
8/28/2021,164543,186,9422,3922,154609,6012,2301.8,4260.1,2587.1,635.9
8/29/2021,164804,261,9427,3922,154778,6104,2402.3,4604.6,2669.9,623.1
8/30/2021,165283,479,9442,3924,154937,6422,2469.8,4779.8,2725.1,631.6
8/31/2021,165947,664,9477,3927,155121,6899,2599.1,5310.9,2795.4,635.5
9/1/2021,166858,911,9507,3932,155279,7647,2904.1,6066.5,3075.2,714.8
9/2/2021,167735,877,9529,3931,155475,8329,3190.3,6845,3283.3,847.8
9/3/2021,168411,676,9548,3931,155696,8784,3297.6,7299.3,3357,821.1
9/4/2021,168780,369,9553,3932,155941,8907,3287.7,7397.2,3314.9,792
9/5/2021,169229,449,9565,3933,156176,9120,3517.6,7863.4,3570.4,831.8
9/6/2021,169778,549,9577,3937,156427,9414,3622.3,8047,3649.3,947.4
9/7/2021,170527,749,9620,3938,156714,9875,3600.7,8022.5,3600,979.7
9/8/2021,171357,830,9656,3940,156952,10465,3493.2,7665.5,3546.3,942.7
9/9/2021,172179,822,9689,3945,157252,10982,3511.2,7364.2,3629.4,1032.4
9/10/2021,172796,617,9711,3945,157565,11286,3495.3,7401.2,3567.4,1089.8
9/11/2021,173111,315,9716,3947,157951,11213,3334.4,7087.5,3390.8,1057
9/12/2021,173410,299,9726,3948,158367,11095,3393.1,7132,3469.7,1081.5
9/13/2021,173937,527,9761,3949,158749,11239,3452.1,7321.4,3513,1073.5
9/14/2021,174462,525,9787,3952,159101,11409,3183.4,6546.5,3260.5,1103.7
9/15/2021,175122,660,9812,3954,159404,11764,3047.1,6431.7,3052.6,1074.1
9/16/2021,175663,541,9849,3957,159776,11930,2951.1,6207.7,2979.8,1028.9
9/17/2021,176126,463,9869,3959,160465,11702,2778.4,5692.5,2824.1,1030.5
9/18/2021,176301,175,9872,3959,160765,11577,2549.5,5228.7,2560,1005.2
9/19/2021,176598,297,9878,3962,161233,11403,2715.2,5481.9,2748,1081.6
9/20/2021,176947,349,9901,3966,161699,11282,2634.8,5271.8,2685.7,1038.9
9/21/2021,177448,501,9925,3969,162228,11251,2457.9,4945.4,2550.2,894
9/22/2021,177961,513,9943,3969,162579,11413,2417.4,4992.9,2447.9,902.2
9/23/2021,178373,412,9983,3972,163029,11372,2232.6,4455.1,2294,862.9
9/24/2021,178837,464,10035,3976,163713,11148,2258.2,4610.4,2299.9,843.5
9/25/2021,179017,180,10046,3977,164255,10785,2128,4303.7,2189.9,783.3
9/26/2021,179163,146,10048,3978,164812,10373,2140.5,4326.6,2186.3,811.6
9/27/2021,179508,345,10065,3983,165339,10186,2178.8,4415.8,2241.9,787.6
9/28/2021,179947,439,10108,3989,163601,12357,2051.6,4017,2150.9,753.1
9/29/2021,180422,475,10131,3993,166289,10140,2034.8,3945.9,2136.5,764
9/30/2021,180842,420,10162,3994,166739,10109,2054.5,3981,2128.1,812.4
10/1/2021,181176,334,10201,3998,167171,10007,1985.1,3895.1,2072.7,735.2
10/2/2021,181333,157,10207,3998,167624,9711,1921.9,3727.6,2002.2,741.4
10/3/2021,181530,197,10215,3999,168046,9485,1991.6,3854.9,2087.8,749.6
10/4/2021,181744,214,10249,4003,168627,9114,1911.4,3570.4,2043.2,729.3
10/5/2021,182157,413,10278,4005,169174,8978,1847.7,3475.1,1925.9,777.1
10/6/2021,182635,478,10299,4005,169500,9130,1840.5,3296.6,1965.1,799.6
10/7/2021,183111,476,10335,4009,169917,9185,1902.7,3308.5,1998.1,947.4
10/8/2021,183502,391,10346,4015,170345,9142,1968.7,3446.8,2062.3,975.8
10/9/2021,183715,213,10349,4017,170651,9047,1937.6,3333.1,2052.8,968.2
10/10/2021,183939,224,10355,4017,170941,8981,2066.3,3552.4,2176.7,1055.3
10/11/2021,183227,311,10291,4011,170305,8911,2134.7,3755.9,2211.5,1104.1
10/12/2021,183696,469,10323,4018,170676,9002,2036.5,3458.5,2172.5,1022
10/13/2021,185068,348,10431,4031,171929,9108,2001.7,3241,2190.7,1000.8
10/14/2021,185514,446,10455,4036,172275,9203,2003.9,3281.4,2215,925.1
10/15/2021,185949,435,10470,4040,175038,6871,1995,3198.7,2194.8,978.3
10/16/2021,186073,124,10473,4041,175439,6593,1835.9,2941.2,2024.3,889.9
10/17/2021,186239,166,10478,4042,175805,6392,1910.9,3003.1,2139.7,901.7
10/18/2021,186616,377,10498,4046,176127,6443,2014.6,3070.3,2262.9,990.4
10/19/2021,187105,489,10537,4052,176465,6588,2028.2,2957,2318.2,1020.3
10/20/2021,187669,564,10572,4053,176736,6880,2239.6,3114,2609.5,1145.8
10/21/2021,188328,659,10601,4056,177034,7238,2398,3356.8,2768.6,1248.2
10/22/2021,188861,533,10625,4061,177413,7387,2473.4,3338,2841.2,1396.9
10/23/2021,189079,218,10634,4061,177755,7263,2477.8,3356.1,2795.9,1473.9
10/24/2021,189296,217,10645,4061,178157,7078,2589,3468.4,2920,1565.9
10/25/2021,189762,466,10678,4066,178497,7199,2668.2,3556.3,3037.6,1573.6
10/26/2021,190496,734,10717,4070,178872,7554,2771.6,4061.7,3049.3,1600.9
10/27/2021,191392,896,10768,4075,179135,8182,3105.8,4662.5,3375.5,1804.3
10/28/2021,192227,835,10799,4082,179454,8691,3299.3,5082.8,3569.2,1859.1
10/29/2021,192988,761,10845,4091,179869,9028,3517.8,5482.4,3815.8,1936
10/30/2021,193240,252,10847,4091,180222,8927,3434.2,5374.9,3737.1,1849.2
10/31/2021,193532,292,10854,4092,180625,8815,3552.4,5619.2,3849,1908.1
11/1/2021,193812,280,10862,4094,180989,8729,3467.5,5653.6,3722.2,1799.6
11/2/2021,194440,628,10897,4104,181336,9000,3251.4,5096,3447.2,1859.7
11/3/2021,195485,1045,10947,4111,181605,9769,3360.4,5658.4,3427.1,1926.2
11/4/2021,196742,1257,10998,4114,182051,10577,3772.1,6500.6,3869.9,2019.1
11/5/2021,198061,1319,11031,4119,182445,11497,4219.2,7678.7,4173.1,2279.8
11/6/2021,198512,451,11053,4121,182838,11553,4294.5,7765.2,4234.2,2369.7
11/7/2021,198911,399,11070,4121,183251,11539,4453.7,7943.3,4415.4,2478.9
11/8/2021,199784,873,11106,4130,183731,11923,5124.6,9364.3,5090.2,2711.8
11/9/2021,201118,1334,11180,4138,184142,12838,5677.9,10276.4,5726.2,2914
11/10/2021,202494,1376,11216,4145,184514,13835,5820.1,10552.5,5942.1,2862.9
11/11/2021,203944,1450,11264,4158,184939,14847,5912,11092.4,5929.4,2872.2
11/12/2021,205403,1459,11301,4167,185460,15776,6189.3,11209.5,6259.5,3164.7
11/13/2021,205829,426,11321,4167,185999,15663,5917.7,10761.7,6008.7,2971.4
11/14/2021,206403,574,11332,4170,186567,15666,6137,11178,6233.7,3066.3
11/15/2021,207736,1333,11361,4185,187160,16391,6571.5,11690.4,6706.8,3382.1
11/16/2021,209172,1436,11413,4194,187663,17315,6595.5,11418.1,6873.3,3361.4
11/17/2021,211050,1878,11451,4199,188150,18701,7024.9,10757.8,7329.7,3675.4
11/18/2021,212656,1606,11515,4203,188691,19762,7259.7,11182.5,7975.1,3924.9
11/19/2021,214856,2200,11580,4212,189302,21342,8321.1,12963.3,9021.2,4625.2
11/20/2021,215559,703,11593,4213,190026,21320,8092.5,12668.4,8756.9,4493.8
11/21/2021,216416,857,11603,4215,190857,21344,8631.2,13585.8,9297.4,4806
11/22/2021,218437,2021,11843,4220,191608,22609,9412.4,15010.6,10035.4,5285.6
11/23/2021,220613,2176,11684,4233,192323,24057,9677.9,15579.1,10193.7,5580
11/24/2021,223089,2476,11726,4247,193074,25768,10116.9,16394.9,10557.5,5938.2
11/25/2021,225660,2571,11816,4251,193906,27503,10785.4,17879.2,11133.8,6284.1
11/26/2021,228202,2542,11871,4257,194935,29010,11291.2,18948.4,11667.7,6467.8
11/27/2021,228986,784,11886,4260,196009,28717,10915.8,18172.3,11300.8,6336.1
11/28/2021,230107,1121,11915,4263,197060,28784,11277.8,18793.7,11622.3,6600.2
11/29/2021,232333,2226,11967,4277,198068,29988,11570.5,19112.2,12055.3,6633.9
11/30/2021,234653,2320,12044,4286,199019,31348,11391.9,18887.6,11946.3,6380.4
12/1/2021,237266,2613,12101,4294,199722,33250,11469.2,18740.7,12113.5,6446.4
12/2/2021,239981,2715,12185,4302,200813,34866,11595.2,18981.5,12306.3,6425.6
12/3/2021,242903,2922,12248,4319,202178,36406,12059.1,19906.9,12824.5,6575.2
12/4/2021,243907,1004,12259,4321,203485,36101,11660.9,19319,12403.8,6342.2
12/5/2021,244721,814,12268,4324,204863,35534,12027.1,19803.2,12797.5,6590.5
12/6/2021,246744,2023,12312,4336,206206,36202,12054.1,20585.3,12586.8,6466
12/7/2021,248844,2100,12370,4356,207524,36964,11685.4,19882.8,12354.4,6066.2
12/8/2021,251689,2845,12456,4374,208467,38848,11719.5,19597.1,12583.8,5937.1
12/9/2021,253770,2081,12548,4389,209753,39628,10819.4,17700.9,11745.3,5504.7
12/10/2021,255991,2221,12618,4409,211537,40045,10656.8,17528,11427.1,5605.6
12/11/2021,256579,588,12631,4409,213414,38756,10018.7,16830.3,10711.6,5130.3
12/12/2021,257290,711,12645,4410,215230,37650,10195,16931.7,10962.2,5249.1
12/13/2021,258817,1527,12678,4420,217203,37194,9971.9,16362.1,10848.5,5001.6
12/14/2021,260707,1890,12782,4434,218859,37414,9712.4,16258.8,10458.2,4923.2
12/15/2021,262365,1658,12846,4452,219892,38021,8956.5,15133.9,9524.5,4696.8
12/16/2021,264174,1809,12922,4470,221594,38110,8503.8,14737.1,9096.2,4168.5
12/17/2021,265894,1720,13017,4484,223889,37521,8415.4,14540.8,9033.2,4093.7
12/18/2021,266394,500,13030,4486,225929,35979,8011.3,13904,8556.5,3953
12/19/2021,266805,411,13042,4488,227981,34336,8000.3,13906,8515,3983.9
12/20/2021,268105,1300,13103,4506,230312,33287,7954.6,13989,8390.9,3950.9
12/21/2021,269542,1437,13204,4528,231996,33018,7105,12509,7643.9,3260.1
12/22/2021,271150,1608,13278,4547,233006,33597,6884.3,12098.6,7418.7,3109.6
12/23/2021,272305,1155,13330,4565,234885,32855,6434.9,11203.3,6931.3,2945.6
12/24/2021,272945,640,13359,4570,237084,31291,5765.5,9926.7,6259.7,2627.5
12/25/2021,273280,335,13384,4572,239405,29303,5322.1,9034.2,5833.9,2418
12/26/2021,273613,333,13391,4573,241777,27263,5366.7,9113.3,5901.6,2398.4
12/27/2021,274569,956,13429,4587,243943,26039,5265,8852.8,5862.1,2248.5
12/28/2021,275769,1200,13488,4610,245348,25811,4867.2,7966.8,5525.4,2040.4
12/29/2021,277170,1401,13540,4619,246254,26297,4907.1,7765.6,5723.4,1963.9
12/30/2021,278847,1677,13595,4632,248078,26137,5264.8,7776.4,6430.3,1973.2
12/31/2021,279668,821,13623,4638,250027,25003,5469.7,8123.5,6666.6,2049.8
1/1/2022,279971,303,13623,4638,252041,23292,5508.2,8191.7,6709.4,2075
1/2/2022,280565,594,13625,4638,253939,21988,5768.4,8428.7,7075.6,2154.1
1/3/2022,281914,1349,13683,4659,255621,21634,6060.1,8646.4,7514.2,2232
1/4/2022,284553,2639,13750,4671,256776,23106,6956.9,10005.6,8708.6,2390.8
1/5/2022,287029,2476,13791,4676,257565,24788,7887.7,11837,9730.8,2572.2
1/6/2022,289631,2602,13850,4690,258981,25960,8687.3,13178.6,10824.4,2628.8
1/7/2022,292117,2486,13908,4696,260781,26640,10139.8,15425.8,12639.3,2995.1
1/8/2022,293320,1203,13936,4699,262207,26414,10870.8,16711.8,13465.4,3259.4
1/9/2022,294178,858,13944,4699,263498,25981,11144.6,17415.2,13729,3331.6
1/10/2022,296181,2003,13980,4712,264448,27021,11532,18003.5,14253.7,3349.7
1/11/2022,298614,2433,14020,4723,265243,28648,11069.3,17677.2,13543,3215
1/12/2022,301608,2994,14068,4729,265712,31167,11298.4,18570.6,13705.9,3175.3
1/13/2022,304961,3353,14107,4732,266747,33482,11904.2,20622.3,14049.8,3358.4
1/14/2022,307913,2952,14155,4734,268004,35175,12617.4,22464.4,14755.6,3434.8
1/15/2022,309135,1222,14173,4734,269133,35268,12677.6,22803.5,14768,3447.6
1/16/2022,310520,1385,14181,4734,270269,35517,13219.3,24061.8,15348.2,3494.4
1/17/2022,313612,3092,14212,4743,271026,37843,14278.4,14116,25757,16300
1/18/2022,318154,4542,14273,4750,271675,41729,15352.6,15161.6,28069.5,17373.8
1/19/2022,323260,5106,14326,4757,272361,46142,17058.1,16847.8,31169.5,19323.2
1/20/2022,328802,5542,14397,4760,273403,50639,19103.7,18857.4,34750.5,21708.3
1/21/2022,335039,6237,14465,4767,274970,55302,22021.3,21744.6,40912.7,24752.4
1/22/2022,337441,2402,14490,4767,276529,56145,22306,22022.7,41289.5,25140.3
1/23/2022,339567,2126,14508,4767,278088,56712,23355.2,23058.3,43345,26256.3
1/24/2022,343499,3932,14537,4770,279433,59296,23454.3,23175,43731.2,26323.1
1/25/2022,350068,6569,14594,4776,280560,64732,24988.3,24730.5,46066.7,28288
1/26/2022,358432,8364,14692,4789,281459,72184,27597.2,27294.2,51374.8,30995
1/27/2022,365636,7204,14735,4796,283059,77781,28245.2,27931.9,52201.1,31708.4
1/28/2022,374729,9093,14779,4801,285430,84498,31109.9,30759,57763.9,34917.3
1/29/2022,376567,1838,14802,4801,287887,83879,29948.8,29605.4,55452.3,33764.4
1/30/2022,378814,2247,14813,4801,290504,83509,30529.4,30187.2,56226.7,34550.1
1/31/2022,385547,6733,14851,4808,292864,87875,31280,30914.3,57401.9,35276.3
2/1/2022,394344,8797,14933,4815,294550,94979,32702.7,32321.5,59197.6,37110.4
2/2/2022,403171,8827,15007,4819,295877,102475,33957.6,33561.6,60309.2,38813.4
2/3/2022,412504,9333,15071,4824,298225,109455,34956.3,34542.5,61359.8,40114.2
2/4/2022,422573,10069,15182,4829,301444,116300,37064.8,36619.4,64774.2,42395.4
2/5/2022,425979,3406,15208,4829,304775,116375,36794.8,36348.8,64574.4,41945
2/6/2022,428732,2753,15216,4829,308254,115649,37337.6,36887.7,65795.5,42426.2
2/7/2022,437824,9092,15262,4834,311710,121280,38587.9,38137.3,66891.8,43967.2
2/8/2022,448339,10515,15369,4841,314320,129178,39857.9,39394,67598.2,45673.5
2/9/2022,457815,9476,15474,4852,315901,137062,40029.9,39579.5,67140.6,45991.6
2/10/2022,467158,9343,15551,4859,319731,142568,40088.1,39662.4,67475.3,45736.1
2/11/2022,475479,8321,15643,4867,324466,146146,40566.1,40137.6,69158.9,45998.2
2/12/2022,478136,2657,15666,4868,330030,143238,38913.8,38491.2,66026.6,44219.7
2/13/2022,480746,2610,15674,4869,336278,139599,39265.2,38835.5,66960,44503.7
2/14/2022,488204,7458,15734,4879,342397,140928,37945.1,37554.4,64608,42789.7
2/15/2022,497846,9642,15863,4887,346013,146946,37614,37244.1,63868.6,42315.5
2/16/2022,507396,9550,15948,4901,348041,154454,37943.8,37556,63658.3,42865.9
2/17/2022,517127,9731,16066,4915,353640,158572,38365.2,37966.2,62772.1,43710.9
2/18/2022,526111,8984,16160,4923,360619,160569,40314.1,39918.2,65674.3,46069.4
2/19/2022,528478,2367,16192,4926,368279,155273,39708.8,39318.1,64810.3,45311
2/20/2022,530584,2106,16203,4926,376020,149638,40090.1,39695.7,65183.9,45776.8
2/21/2022,537211,6627,16269,4940,383163,149108,38803,38446.3,61748.5,44639.8
2/22/2022,546795,9584,16374,4962,387389,154444,38893,38529.6,59992.2,45326.1
2/23/2022,554983,8188,16459,4971,389487,160525,38019.5,37649.3,56750.7,44583.7
2/24/2022,562333,7350,16580,4978,397093,160262,36529.3,36168,52647.3,43193.9
2/25/2022,569855,7522,16708,4992,406606,158257,36387.4,36011.9,50353.3,43206.3
2/26/2022,572593,2738,16756,4996,415795,151802,35685.1,35306.6,49075.9,42494.6
2/27/2022,574792,2199,16773,4997,425040,144755,36432.8,36051.9,49655.7,43462.2
2/28/2022,580282,5490,16844,5003,433134,142145,33939.3,33565.9,45597.5,40589.7
3/1/2022,589154,8872,16966,5014,437619,146521,33726.1,33340.5,44606.3,40715
3/2/2022,597893,8739,17079,5030,440158,152705,34628.1,34255.6,45446.8,42014.1
3/3/2022,607397,9504,17165,5039,450118,152240,35905.4,35541.9,47651.5,43546.7
3/4/2022,619229,11832,17264,5047,460189,153993,40364.9,39951.1,53982.9,49006.8
3/5/2022,622165,2936,17279,5048,469915,147202,39724,39310.4,53165.3,48346.5
3/6/2022,625077,2912,17288,5049,479680,140348,41538.3,41111.9,56230.1,50403.4
3/7/2022,634485,9408,17362,5060,487805,141620,43418.6,42999,59566.2,52358.9
3/8/2022,646178,11693,17489,5073,491819,149286,45298,44853.7,63038.4,54224.6
3/9/2022,658307,12129,17586,5082,494376,158849,48031.3,47573,67477.8,57051.9
3/10/2022,670018,11711,17711,5094,503116,161808,48387.8,47895.9,67976,57291.6
3/11/2022,681169,11151,17808,5103,513228,162838,49140.3,48610.2,68808.8,58087.4
3/12/2022,684611,3442,17836,5103,521854,157654,48521.9,47995.8,68077.6,57312.7
3/13/2022,687305,2694,17844,5103,530039,152163,49039.8,48506.5,68277.1,57939.3
3/14/2022,698166,10861,17910,5110,536921,156135,48802.7,48303.4,67623.7,57606.3
3/15/2022,711228,13062,17977,5120,540989,165119,49134.8,48608.4,67625.2,57968.3
3/16/2022,725704,14476,18060,5141,542475,178088,51625.2,51062.2,70054,61013.7
3/17/2022,739706,14002,18159,5145,549800,184761,54210.9,53630.9,72880.5,63987.5
3/18/2022,754062,14356,18270,5149,558786,190127,57909.6,57245.9,77830.1,68039.5
3/19/2022,756890,2828,18304,5151,565969,185770,56508.7,55838.5,75456.9,66429.5
3/20/2022,759320,2430,18311,5151,573435,180734,56184.2,55509,75000.3,65984.4
3/21/2022,770579,10962,18377,5160,580539,184880,56240.3,55555,73935.5,66093.4
3/22/2022,784080,13501,18510,5181,584281,194618,56121.3,55426.6,74959.2,65533.3
3/23/2022,799363,15283,18627,5187,585769,208407,56662.1,55897.1,76192.6,65891.4
3/24/2022,814704,15341,18759,5206,592959,216539,57359.4,56571.5,78474.7,66367.1
3/25/2022,830333,15629,18859,5221,601991,223121,60667.2,59813.4,83906,69909.5
3/26/2022,833949,3616,18885,5222,610772,217955,59409.6,58571.2,82329.9,68594.6
3/27/2022,836652,2703,18890,5223,620724,210705,60111.7,59268.3,83573.1,69330.4
3/28/2022,849938,13286,18970,5231,630757,213950,59969.7,59122.6,83406.9,69216.6
3/29/2022,865792,15854,19104,5244,635468,225080,61393.3,60546.4,84542.9,70869.7
3/30/2022,879254,13462,19197,5251,638116,235887,60208.4,59384.1,82024.4,69658.7
3/31/2022,893121,13867,19332,5264,649348,238509,58634.2,57860.1,78486.7,67891.1
4/1/2022,904360,11239,19449,5277,661580,237503,57606.7,56868.8,76189.6,66731.6
4/2/2022,907141,2781,19470,5278,673583,228280,56210.5,55476.3,73872,65308
4/3/2022,909147,2006,19476,5279,685514,218354,56128.5,55388.8,73481.3,65293.4
4/4/2022,918591,9444,19564,5295,695863,217433,52325.4,51655.9,67557,60897.1
4/5/2022,931247,12656,19721,5314,700662,225271,49919.3,49283.6,63982,58233.4
4/6/2022,943797,12550,19820,5329,703749,234719,48690.8,48053.1,62607.9,57022.3
4/7/2022,952833,9036,19934,5345,715962,231526,46652.6,46073.8,59525.6,54900.1
4/8/2022,961678,8845,20077,5354,728950,227374,46068.5,45501.1,58451.2,54550.5
4/9/2022,963291,1613,20103,5354,743699,214238,43924.5,43372.4,56074.2,51927.6
4/10/2022,964496,1205,20112,5354,757088,202054,43891.3,43337.5,56171,51862
4/11/2022,972864,8368,20182,5362,769012,198490,42119.3,41600.6,53800,49920
4/12/2022,982067,9203,20334,5379,774590,202098,39200.3,38718.2,49360.2,46731.1
4/13/2022,991754,9687,20447,5387,776953,209414,37838.2,37374.1,46338.7,45333
4/14/2022,1000419,8665,20574,5413,789632,205374,37506.3,37034.2,45036.7,45056.4
4/15/2022,1002690,2271,20609,5420,804165,193105,32941.3,32526.3,39199,39641.2
4/16/2022,1004269,1579,20612,5419,818740,180110,32301.3,31885.2,38033.4,39005.2
4/17/2022,1005129,860,20616,5420,833898,165811,31810.4,31397.9,37453.7,38422.2
4/18/2022,1005502,373,20616,5420,845322,154760,24534.5,24214.5,28275.1,29678.4
4/19/2022,1013239,7737,20671,5428,850253,157558,23414.4,23124.2,26906.4,28451.9
4/20/2022,1023888,10649,20805,5448,852256,166184,25022.8,24711.9,26566.3,31027.8
4/21/2022,1033697,9809,20925,5458,866181,162058,25657.1,25357.1,24859.2,32569.3
4/22/2022,1042336,8639,21028,5462,880800,156074,31652.9,31278.9,29694.7,40384.5
4/23/2022,1043701,1365,21037,5462,893931,144308,30831.9,30457.6,28597.9,39406.2
4/24/2022,1044670,969,21042,5463,904708,134499,31106.3,30730.7,28909.7,39732.3
4/25/2022,1051485,6815,21175,5472,914665,131348,36342.3,35902.1,33853.8,46289
4/26/2022,1059272,7787,21301,5484,918540,135248,34691.2,34247.9,32109,43947.5
4/27/2022,1065863,6591,21369,5495,920208,140160,31106.6,30701.6,30160.8,39241.2
4/28/2022,1071470,5607,21476,5508,931668,134294,28284.4,27907,28784.9,34983.4
4/29/2022,1076160,4690,21596,5516,944542,126102,26464.7,26111.9,27983.8,32196.7
4/30/2022,0,0,0,0,0,0,0,0,0,0
5/1/2022,0,0,0,0,0,0,0,0,0,0
5/2/2022,1081348,5188,21648,5525,969945,105878,22164.1,21852.7,23956,26683.5
5/3/2022,1086374,5026,21718,5533,972595,108246,19531.1,19277.3,20827.7,23481.4
5/4/2022,1090900,4526,21769,5540,974058,111302,18768.4,18532.3,19612.6,22759.1
5/5/2022,1096396,5496,21831,5551,981080,109765,19536.7,19297.6,20690.4,23793.8
5/6/2022,1100672,4276,21886,5564,990343,104765,20111.2,19867.1,20941.2,24860.7
5/7/2022,0,0,0,0,0,0,0,0,0,0
5/8/2022,0,0,0,0,0,0,0,0,0,0
5/9/2022,1105336,4664,21967,5568,1010667,89101,18873.3,18642.5,19940.9,23335.5
5/10/2022,1111104,5768,22015,5573,1013169,92362,19658,19429.5,21254.9,24216.6
5/11/2022,1116303,5199,22074,5580,1014635,96088,19414.1,19188.3,21056.3,23865.3
5/12/2022,1119883,3580,22137,5585,1016982,97316,17789.3,17581.6,19451.5,21649.2
5/13/2022,1123322,3439,22184,5601,1026431,91290,17567.6,17357.6,19291.3,21253.9
5/14/2022,0,0,0,0,0,0,0,0,0,0
5/15/2022,0,0,0,0,0,0,0,0,0,0
5/16/2022,1126917,3595,22252,5609,1049696,71612,14802.7,14620.2,15830.8,18094.3
5/17/2022,1130268,3351,22317,5612,1051616,73040,13469.9,13289.9,14463.1,16456.1
5/18/2022,1132882,2614,22389,5631,1052491,74760,12326.9,12174.2,13085.5,15017
5/19/2022,1135567,2685,22431,5634,1059395,70538,11876.5,11737.1,12564.8,14549.3
5/20/2022,1114712,2445,22364,5643.5,1043241,64410,11443.75,11375.8,12095.2,13972.4
5/21/2022,0,0,0,0,0,0,0,0,0,0
5/22/2022,0,0,0,0,0,0,0,0,0,0
5/23/2022,1141024,2974,22544,5660,1079649,55715,10041.5,9937.1,10307,12372.8
5/24/2022,1143288,2264,22571,5671,1080892,56725,8885.8,8794.1,8950.1,10829.2
5/25/2022,1145375,2087,22621,5675,1081865,57835,8164.6,8082.2,8041,10031.6
5/26/2022,0,0,0,0,0,0,0,0,0,0
5/27/2022,1147754,2379,22654,5677,1091586,50491,6453.4,6385.7,5880,8028.7
5/28/2022,0,0,0,0,0,0,0,0,0,0
5/29/2022,0,0,0,0,0,0,0,0,0,0
5/30/2022,1150488,2734,22706,5680,1104623,40185,5979.9,5916.2,5201.4,7556.6
5/31/2022,1153109,2621,22754,5684,1105639,41786,6375.6,6311.2,5375.2,8198.5
6/1/2022,1155597,2488,22764,5684,1106165,43748,7114.8,7042.7,5915.4,9232.8
6/2/2022,1157757,2160,22784,5686,1111748,40323,8769.3,8676.3,7153,11457.8
6/3/2022,1160327,2570,22818,5690,1116548,38089,9260.5,9160.3,7397.6,12199.8
6/4/2022,0,0,0,0,0,0,0,0,0,0
6/5/2022,0,0,0,0,0,0,0,0,0,0
6/6/2022,0,0,0,0,0,0,0,0,0,0
6/7/2022,1164531,4204,22859,5694,1126115,32722,7828.2,7738.6,6309.5,10277.9
6/8/2022,1168498,3967,22910,5696,1126644,36158,9164.8,9064.7,7309.2,12098.2
6/9/2022,1173295,4797,22956,5698,1130185,37412,11180.2,11060.3,8998.5,14870.5
6/10/2022,1177542,4247,22977,5699,1133184,38659,13074.2,12959.1,10457.6,17509.6
6/11/2022,0,0,0,0,0,0,0,0,0,0
6/12/2022,0,0,0,0,0,0,0,0,0,0
6/13/2022,1182616,5074,23014,5706,1138959,37951,16712.2,16539.7,13288.7,22451.3
6/14/2022,1163659,5484,22948,5705.5,1114158,42378,17252.35,17147.9,13448.9,23238.4
6/15/2022,1193965,5741,23133,5719,1140462,47784,18420.4,18241,14597.6,24688.3
6/16/2022,0,0,0,0,0,0,0,0,0,0
6/17/2022,1199411,5446,23175,5722,1145357,48332,15995,15832,12923.8,21202.3
6/18/2022,0,0,0,0,0,0,0,0,0,0
6/19/2022,0,0,0,0,0,0,0,0,0,0
6/20/2022,1204844,5433,23217,5724,1149323,49797,15527.7,15392.8,12390.1,20390.1
6/21/2022,1211226,6382,23322,5728,1149924,55574,16547.7,16383.1,13302,21448
6/22/2022,1216798,5572,23397,5735,1150326,60737,17017.8,16852.9,13660,21967.2
6/23/2022,1222292,5494,23463,5741,1152597,63954,21152.7,20937.2,16622.3,27463.8
6/24/2022,1227885,5593,23508,5742,1155770,66373,22242.6,22021.2,17263.3,28791.6
6/25/2022,0,0,0,0,0,0,0,0,0,0
6/26/2022,0,0,0,0,0,0,0,0,0,0
6/27/2022,1233534,5649,23597,5746,1162529,65259,20945.1,20736.2,16783.3,27153.1
6/28/2022,1240972,7438,23656,5750,1163336,71886,21580.1,21362.4,17960.1,27712.9
6/29/2022,1247313,6341,23745,5756,1163913,77644,21790.2,21570.8,18711.1,27715.9
6/30/2022,1252722,5409,23791,5757,1165244,81721,21858.5,21636.7,18955.9,27707.7
7/1/2022,1258314,5592,23855,5760,1169887,82667,22763.1,22535.3,19725,28815.5
7/2/2022,0,0,0,0,0,0,0,0,0,0
7/3/2022,0,0,0,0,0,0,0,0,0,0
7/4/2022,1264508,6194,23934,5761,1181557,77190,22051.4,21822.8,18317.1,28108.6
7/5/2022,1270864,6356,24025,5771,1182529,82564,21173.9,20953.9,17106.2,27220.9
7/6/2022,1277572,6708,24082,5771,1183176,88625,22259.9,22037.5,18377.4,28548.8
7/7/2022,1283342,5770,24160,5778,1188387,89177,22706.2,22481,18814.4,29056.3
7/8/2022,1278969,5622,24004,5757,1184384,88828,23071.1,22831.6,19155.2,29548.6
7/9/2022,0,0,0,0,0,0,0,0,0,0
7/10/2022,0,0,0,0,0,0,0,0,0,0
7/11/2022,1294816,5782,24333,5812,1203311,85693,22583.5,22325.7,19334.2,28655.8
7/12/2022,1302226,7410,24456,5819,1204075,92332,23808.1,23536.8,20692,30068.3
7/13/2022,1309453,7227,24510,5824,1204573,99056,24855,24576.9,21955.9,31240.9
7/14/2022,1316951,7498,24618,5832,1210496,100623,26064.9,25757.4,23198.4,32651.6
7/15/2022,1323599,6648,24703,5845,1216473,101281,28033.6,27717.6,24915.6,35054.3
7/16/2022,0,0,0,0,0,0,0,0,0,0
7/17/2022,0,0,0,0,0,0,0,0,0,0
7/18/2022,1330415,6816,24754,5852,1231043,93520,27026.3,26698.6,23749.9,33905.1
7/19/2022,1338517,8102,24877,5856,1231477,101184,27869.5,27536.6,24211.1,34854.5
7/20/2022,1345427,6910,24991,5867,1231903,107657,27587.6,27257.9,23456.1,34725.2
7/21/2022,1350852,5425,25057,5870,1238523,106459,26830.7,26506.5,22415.8,33841.1
7/22/2022,1356189,5337,25131,5878,1245222,105089,27066.7,26733.2,22218.8,34178.5
7/23/2022,0,0,0,0,0,0,0,0,0,0
7/24/2022,0,0,0,0,0,0,0,0,0,0
7/25/2022,1363673,7484,25210,5895,1259712,98066,25935.5,25615.4,20111.9,32941.5
7/26/2022,1370338,6665,25356,5903,1260218,104217,25204.2,24875.7,18472.4,32312.5
7/27/2022,1376026,5688,25471,5906,1260570,109550,24589.5,24278.9,17281.6,31612.8
7/28/2022,1380694,4668,25553,5914,1267288,107492,23562,23258.6,16083.2,30335.9
7/29/2022,1384457,3763,25627,5914,1273625,104918,22854.5,22547.7,14922.4,29571.9
7/30/2022,0,0,0,0,0,0,0,0,0,0
7/31/2022,0,0,0,0,0,0,0,0,0,0
8/1/2022,1388765,4308,25725,5924,1290542,92299,19365.6,19094,12183.9,25208.3
8/2/2022,1393382,4617,25860,5938,1291269,96175,17852.7,17613,10895.3,23159.9
8/3/2022,1397391,4009,25947,5940,1292044,99407,16582.6,16344.4,9534.1,21731.2
8/4/2022,1400334,2943,26045,5946,1299725,94663,15359.4,15148.7,8580.1,20203.6
8/5/2022,1402844,2510,26141,5958,1306783,90103,15081.7,14883.5,8018.2,19860.4
8/6/2022,0,0,0,0,0,0,0,0,0,0
8/7/2022,0,0,0,0,0,0,0,0,0,0
8/8/2022,1406191,3347,26224,5961,1325513,74717,13002.1,12823.9,6439.8,17067.8
8/9/2022,1409585,3394,26306,5974,1326310,77301,12517.3,12344.4,6400.1,16289.4
8/10/2022,1412151,2566,26361,5979,1326730,79442,11600.9,11442.4,5952.8,15036.7
8/11/2022,1415532,3381,26431,5989,1334140,75403,12298.8,12141.2,6397.8,15862.1
8/12/2022,1417850,2318,26471,5999,1341134,70717,12614,12459,6683.4,16160
8/13/2022,0,0,0,0,0,0,0,0,0,0
8/14/2022,0,0,0,0,0,0,0,0,0,0
8/15/2022,1421101,3251,26583,6003,1356511,58587,11743.8,11598.5,6145.8,15201.3
8/16/2022,1423722,2621,26634,6016,1357154,60552,11339.1,11204.3,5736.1,14699.1
8/17/2022,1426461,2739,26692,6023,1357526,62912,11179.2,11041.7,5674,14506.5
8/18/2022,1428809,2348,26735,6024,1365126,57659,11040.9,10909.9,5691.5,14225.3
8/19/2022,1430584,1775,26802,6030,1370882,53672,10665,10542.6,5669.5,13664.5
8/20/2022,0,0,0,0,0,0,0,0,0,0
8/21/2022,0,0,0,0,0,0,0,0,0,0
8/22/2022,1433226,2642,26869,6035,1382682,44509,9570.7,9447.8,5095.8,12098.2
8/23/2022,1435652,2426,26968,6043,1383066,46543,9423.8,9299.8,4916.6,11930.5
8/24/2022,1437554,1902,27027,6047,1383307,48200,8792.9,8680.4,4731.1,11065.8
8/25/2022,1439015,1461,27111,6049,1387863,45103,8314.4,8211.7,4404.8,10581.2
8/26/2022,1440362,1347,27160,6053,1391553,42756,8148,8049.7,4278.2,10330.8
8/27/2022,0,0,0,0,0,0,0,0,0,0
8/28/2022,0,0,0,0,0,0,0,0,0,0
8/29/2022,1442643,2281,27212,6056,1399594,36993,7486.2,7392.6,4164.7,9443.5
8/30/2022,1445317,2674,27279,6064,1399831,39422,7850.2,7762.4,4552.5,9925.9
8/31/2022,1447216,1899,27332,6064,1400083,41069,7906.7,7819.9,4541.9,10067.8
9/1/2022,1437014,1597,27099,6037,1392544,38433,7802.8,7717.2,4655.6,9958
9/2/2022,1450355,1523,27385,6089,1406884,37382,8383.7,8293.7,5003.9,10738.6
9/3/2022,0,0,0,0,0,0,0,0,0,0
9/4/2022,0,0,0,0,0,0,0,0,0,0
9/5/2022,1452851,2496,27432,6090,1414047,32714,7668.5,7593.7,4692.9,9736.9
9/6/2022,1455390,2539,27476,6095,1414334,34961,7970.2,7890.1,5146.6,10016.5
9/7/2022,1457079,1689,27509,6095,1414524,36460,7781.8,7702.1,5156.2,9766.7
9/8/2022,1458993,1914,27541,6099,1417784,35110,8086.8,7998.6,5437.5,10166.4
9/9/2022,1461449,2456,27607,6105,1420349,34995,9041,8947,6182.1,11492.4
9/10/2022,0,0,0,0,0,0,0,0,0,0
9/11/2022,0,0,0,0,0,0,0,0,0,0
9/12/2022,1464208,2759,27675,6096,1426199,31913,8789.1,8683.8,6394.4,11131.6
9/13/2022,1467290,3082,27731,6099,1426416,34775,9521.3,9405.3,7476.6,11905.1
9/14/2022,1470288,2998,27800,6125,1426535,37628,10552.4,10418.4,8975.9,12994.7
9/15/2022,1472467,2179,27839,6126,1429386,36955,10726.2,10608,9695.5,13100.4
9/16/2022,1438153,2542,27429,5956.5,1393488,37291,11584.05,11494.9,10744,14076.9
9/17/2022,0,0,0,0,0,0,0,0,0,0
9/18/2022,0,0,0,0,0,0,0,0,0,0
9/19/2022,1475582,3757,27898,6186.5,1430734,37244,11768.65,11672.9,10956.5,14302.7
9/20/2022,1482861,4025,28041,6138,1436256,40467,12571.4,12414.2,11824.2,15332.1
9/21/2022,1486929,4068,28123,6142,1436429,44358,13822.7,13638.5,12752.8,17096.5
9/22/2022,1490264,3335,28203,6152,1439309,44803,14549.5,14361.5,13318.3,17894.5
9/23/2022,1493737,3473,28285,6160,1441463,46114,15859.1,15646,14403.1,19469
9/24/2022,0,0,0,0,0,0,0,0,0,0
9/25/2022,0,0,0,0,0,0,0,0,0,0
9/26/2022,1498460,4723,28346,6164,1446289,46007,15666.9,15444.8,13244.5,19278.1
9/27/2022,1504845,6385,28480,6169,1446524,52152,17645.6,17426.2,13832.9,21592.7
9/28/2022,1511130,6285,28605,6175,1446702,58253,20109.8,19856.6,14694.7,24535.9
9/29/2022,1515826,4696,28697,6176,1449470,60180,21186.2,20953.5,14250.9,25875.9
9/30/2022,1520890,5064,28807,6185,1451933,62772,23309.4,23020.4,14880.3,28541.1
10/1/2022,0,0,0,0,0,0,0,0,0,0
10/2/2022,0,0,0,0,0,0,0,0,0,0
10/3/2022,0,0,0,0,0,0,0,0,0,0
10/4/2022,1526875,5985,28929,6189,1458033,62653,17452.4,17214.3,9565.2,21305.1
10/5/2022,1535727,8852,29109,6194,1458246,71287,20196.3,19933.8,10583.9,24726.2
10/6/2022,1544212,8485,29315,6200,1461608,76404,23320.4,23010.2,11146.9,28910.6
10/7/2022,1553044,8832,29481,6213,1464797,82034,27743.3,27385.2,12766.5,34421.3
10/8/2022,0,0,0,0,0,0,0,0,0,0
10/9/2022,0,0,0,0,0,0,0,0,0,0
10/10/2022,1561542,8498,29625,6223,1472258,83061,33684.2,33229.3,15280.6,41850.1
10/11/2022,1570884,9342,29846,6235,1472603,92046,34769.6,34320.5,15147.1,43353.3
10/12/2022,1579581,8697,29995,6241,1472887,100453,34988.6,34537.1,14848.1,43200.9
10/13/2022,1587033,7452,30160,6251,1477316,103466,33545.3,33117,13994.2,41150.6
10/14/2022,1593692,6659,30346,6257,1481685,105750,33518,33093.1,13958.5,40709.6
10/15/2022,0,0,0,0,0,0,0,0,0,0
10/16/2022,0,0,0,0,0,0,0,0,0,0
10/17/2022,1600389,6697,30498,6264,1492216,101909,29091.1,28769.3,11912.1,35096
10/18/2022,1608990,8601,30685,6286,1492769,109935,29099.4,28735.3,11740.6,34915.6
10/19/2022,1613296,7116,30736,6345.5,1488962,116571,27772.05,27548.5,10425,33503.4
10/20/2022,1622512,6340,30989,6307,1498458,117747,27953.9,27637.3,9963,33768.2
10/21/2022,1628036,5524,31147,6320,1504702,117014,27995.1,27697.6,9803,33813.2
10/22/2022,0,0,0,0,0,0,0,0,0,0
10/23/2022,0,0,0,0,0,0,0,0,0,0
10/24/2022,1632736,4700,31372,6329,1520271,106136,23541.5,23281.9,7959.5,28408.2
10/25/2022,1638182,5446,31561,6340,1520988,110854,21262.3,21026.6,7257.7,25556
10/26/2022,1641530,3348,31659,6349,1521508,113673,18214.3,18002.8,6257,22033.4
10/27/2022,1644280,2750,31734,6358,1523254,114668,16063,15867.3,5657.9,19594.3
10/28/2022,1646669,2389,31833,6365,1531086,109218,15071.7,14889.7,5303.6,18418.6
10/29/2022,0,0,0,0,0,0,0,0,0,0
10/30/2022,0,0,0,0,0,0,0,0,0,0
10/31/2022,1649422,2753,31947,6369,1555171,87882,12232.9,12087.8,4285.6,14964.5
11/1/2022,0,0,0,0,0,0,0,0,0,0
11/2/2022,1653373,3951,32079,6381,1556471,90521,8985.8,8884.9,3487.8,10994
11/3/2022,1655592,2219,32171,6389,1566130,83073,8634.7,8546.9,3528.4,10689.2
11/4/2022,1657583,1991,32256,6402,1575018,76163,8774.7,8682.5,3648.6,10810.6
11/5/2022,0,0,0,0,0,0,0,0,0,0
11/6/2022,0,0,0,0,0,0,0,0,0,0
11/7/2022,1660271,2688,32379,6419,1594334,59518,8533.8,8443.3,3779.1,10467.3
11/8/2022,1656339,1792,32303,6484.5,1587714,60723,9704.75,9655.3,4500.8,12019.2
11/9/2022,1663762,1713,32532,6447,1595456,61859,8395,8304.4,4182.5,10238.4
11/10/2022,1665025,1263,32583,6453,1604184,54388,7423.9,7345.1,3973.2,9012
11/11/2022,1660258,1023,32473,6505.5,1603451,48884,7071.95,7058.9,3891.5,8588
11/12/2022,0,0,0,0,0,0,0,0,0,0
11/13/2022,0,0,0,0,0,0,0,0,0,0
11/14/2022,1668021,1998,32722,6465,1625022,36534,6421.2,6349.5,3755.6,7839.9
11/15/2022,1669937,1916,32792,6472,1625308,38157,6333.8,6261.6,3840.5,7678.6
11/16/2022,1668102,1825,32714,6530.5,1619829,40325,6518.75,6501.8,4079.7,7862.3
11/17/2022,1672898,1163,32914,6495,1630531,35872,6447,6369.8,4265.7,7723.5
11/18/2022,1674177,1279,32952,6509,1634243,33425,6676.1,6591,4522.2,8048.3
11/19/2022,0,0,0,0,0,0,0,0,0,0
11/20/2022,0,0,0,0,0,0,0,0,0,0
11/21/2022,1676198,2021,33039,6519,1641855,27824,6269.2,6188.2,4163.9,7585.5
11/22/2022,1677962,1764,33105,6527,1642065,29370,6279.3,6204.9,4037.6,7616.9
11/23/2022,1679502,1540,33159,6531,1642208,30763,6235.4,6163.5,3825.8,7665.2
11/24/2022,1680655,1153,33214,6532,1644955,29168,6146.1,6078.6,3533.9,7657.8
11/25/2022,1681599,944,33243,6539,1645369,29691,5919.7,5854.8,3271.9,7377.3
11/26/2022,0,0,0,0,0,0,0,0,0,0
11/27/2022,0,0,0,0,0,0,0,0,0,0
11/28/2022,1683309,1710,33333,6542,1652218,24549,5433.3,5375.6,2794.9,6768.7
11/29/2022,1684556,1247,33388,6547,1652338,25671,5098.9,5049.2,2455.5,6423
11/30/2022,1685638,1082,33461,6552,1652491,26595,4816.4,4768.2,2192.5,6074.2
12/1/2022,1686601,963,33515,6557,1655004,25040,4737,4689.1,2117.6,5945.5
12/2/2022,1687538,937,33598,6561,1656773,24204,4784.8,4734.8,2050.4,6002.1
12/3/2022,0,0,0,0,0,0,0,0,0,0
12/4/2022,0,0,0,0,0,0,0,0,0,0
12/5/2022,1689201,1663,33684,6563,1660641,21997,4631.9,4582.7,1764.3,5739.6
12/6/2022,1690500,1299,33750,6564,1660754,23182,4656.9,4609.4,1714.1,5801.2
12/7/2022,1691977,1477,33819,6583,1660865,24529,5053,5000.2,1819.8,6210.6
12/8/2022,1694317,2340,33914,6586,1663082,24649,5190.6,5137.7,1727,6401.5
12/9/2022,1697577,3260,33951,6581,1666734,24262,5558.8,5506,1807.7,6925.1
12/10/2022,0,0,0,0,0,0,0,0,0,0
12/11/2022,0,0,0,0,0,0,0,0,0,0
12/12/2022,1699322,1745,34063,6585,1670839,21898,5468.3,5414.5,1714.5,6815.7
12/13/2022,1700907,1585,34149,6588,1671096,23223,5512.5,5462.3,1738.6,6868.7
12/14/2022,1702657,1750,34239,6593,1671226,24838,6060.3,6000.4,1908.7,7545.9
12/15/2022,1704263,1606,34352,6595,1673428,24240,6513,6449.7,1973.3,8175.6
12/16/2022,1705517,1254,34432,6602,1675095,23820,6582.5,6512.2,1972.7,8290.4
12/17/2022,0,0,0,0,0,0,0,0,0,0
12/18/2022,0,0,0,0,0,0,0,0,0,0
12/19/2022,1707293,1776,34512,6612,1678727,21954,6317.1,6245.1,1839.2,7944.4
12/20/2022,1709499,2206,34704,6616,1678840,24043,6718.4,6645,1894.7,8343.1
12/21/2022,1711530,2031,34821,6619,1678920,25991,7087.5,7012.1,1951.9,8866.6
12/22/2022,1713067,1537,34922,6627,1680721,25719,7296.9,7221.7,1976.9,9003
12/23/2022,1714829,1762,35008,6626,1682034,26169,7772.7,7691.6,2001.9,9595.7
12/24/2022,0,0,0,0,0,0,0,0,0,0
12/25/2022,0,0,0,0,0,0,0,0,0,0
12/26/2022,0,0,0,0,0,0,0,0,0,0
12/27/2022,1716870,2041,35192,6630,1685287,24953,5731.3,5678.8,1281.5,6971
12/28/2022,1718454,1584,35280,6642,1685382,26430,5482.9,5442.8,1243.8,6671.7
12/29/2022,1719572,1118,35315,6644,1687064,25864,5054.9,5023.9,1047,6240
12/30/2022,1720432,860,35368,6650,1688626,25156,4571.1,4551.4,883,5667.6
12/31/2022,0,0,0,0,0,0,0,0,0,0
1/1/2023,0,0,0,0,0,0,0,0,0,0
1/2/2023,1722260,1828,35524,6657,1692178,23425,5605.7,5559.5,1178.5,6841.2
1/3/2023,1724935,2675,35696,6684,1692334,25917,6438.2,6345.5,1407.9,7908.1
1/4/2023,1726586,1651,35802,6693,1692486,27407,6526.7,6422.6,1554.9,7919.9
1/5/2023,1728052,1466,35895,6702,1694342,27008,6800.7,6692.2,1689.1,8119.6
1/6/2023,1729113,1061,35969,6709,1696113,26291,7146.1,7033.9,1844,8503.8
1/7/2023,0,0,0,0,0,0,0,0,0,0
1/8/2023,0,0,0,0,0,0,0,0,0,0
1/9/2023,1730238,1125,36043,6716,1700180,23342,5691.3,5627.2,1547.8,6748.8
1/10/2023,1731507,1269,36175,6734,1700451,24322,4828.7,4781.6,1449.5,5651.1
1/11/2023,1732322,815,36238,6738,1700575,25009,4270.8,4227.9,1400.6,4831.3
1/12/2023,1732837,515,36276,6745,1702665,23427,3692.1,3657.1,1318.5,4170.8
1/13/2023,1733443,606,36356,6753,1704492,22198,3466.3,3431.4,1334.5,3913.7
1/14/2023,0,0,0,0,0,0,0,0,0,0
1/15/2023,0,0,0,0,0,0,0,0,0,0
1/16/2023,1734176,733,36424,6755,1709299,18122,2896.3,2864.4,1241.2,3223.5
1/17/2023,1734868,692,36504,6761,1709589,18518,2695.6,2667.1,1309.3,2981.6
1/18/2023,1735438,570,36544,6764,1709699,18975,2538,2513.2,1256.6,2934.3
1/19/2023,1735944,506,36616,6772,1710003,19169,2403.6,2372.3,1181.6,2850.1
1/20/2023,1736455,511,36672,6779,1711746,17930,2494.9,2464,1215.5,2997.5
1/21/2023,0,0,0,0,0,0,0,0,0,0
1/22/2023,0,0,0,0,0,0,0,0,0,0
1/23/2023,1736455,511,36672,6779,1711746,17930,2494.9,2464,1215.5,2997.5
1/24/2023,1737779,680,36846,6792,1714877,16110,2316.9,2288.8,918.2,2767.9
1/25/2023,1738440,661,36915,6796,1714955,16689,2398.3,2369.9,905.9,2893.7
1/26/2023,1738933,493,36969,6800,1717397,14736,2424.9,2395.1,955.9,2926.1
1/27/2023,1739433,500,37024,6804,1719624,13005,2513.9,2480.1,988.5,3051.7
1/28/2023,0,0,0,0,0,0,0,0,0,0
1/29/2023,0,0,0,0,0,0,0,0,0,0
1/30/2023,1740215,782,37084,6809,1723119,10287,2533.2,2502,1048.3,3140.9
1/31/2023,1741170,955,37163,6825,1723193,11152,2698.7,2663.5,1282.7,3418.1
2/1/2023,1741854,684,37220,6829,1723253,11772,2787.1,2749.7,1275.3,3565.7
